<?xml version="1.0" encoding="UTF-8"?>
<!DOCTYPE mapper PUBLIC "-//mybatis.org//DTD Mapper 3.0//EN" "http://mybatis.org/dtd/mybatis-3-mapper.dtd">
<mapper namespace="com.mapperxml.ItemKillSuccessMapper">
  <resultMap id="BaseResultMap" type="com.pojo.ItemKillSuccess">
    <id column="code" jdbcType="VARCHAR" property="code" />
    <result column="item_id" jdbcType="INTEGER" property="itemId" />
    <result column="kill_id" jdbcType="INTEGER" property="killId" />
    <result column="user_id" jdbcType="VARCHAR" property="userId" />
    <result column="status" jdbcType="TINYINT" property="status" />
    <result column="create_time" jdbcType="TIMESTAMP" property="createTime" />
  </resultMap>
  <sql id="Example_Where_Clause">
    <where>
      <foreach collection="oredCriteria" item="criteria" separator="or">
        <if test="criteria.valid">
          <trim prefix="(" prefixOverrides="and" suffix=")">
            <foreach collection="criteria.criteria" item="criterion">
              <choose>
                <when test="criterion.noValue">
                  and ${criterion.condition}
                </when>
                <when test="criterion.singleValue">
                  and ${criterion.condition} #{criterion.value}
                </when>
                <when test="criterion.betweenValue">
                  and ${criterion.condition} #{criterion.value} and #{criterion.secondValue}
                </when>
                <when test="criterion.listValue">
                  and ${criterion.condition}
                  <foreach close=")" collection="criterion.value" item="listItem" open="(" separator=",">
                    #{listItem}
                  </foreach>
                </when>
              </choose>
            </foreach>
          </trim>
        </if>
      </foreach>
    </where>
  </sql>
  <sql id="Update_By_Example_Where_Clause">
    <where>
      <foreach collection="example.oredCriteria" item="criteria" separator="or">
        <if test="criteria.valid">
          <trim prefix="(" prefixOverrides="and" suffix=")">
            <foreach collection="criteria.criteria" item="criterion">
              <choose>
                <when test="criterion.noValue">
                  and ${criterion.condition}
                </when>
                <when test="criterion.singleValue">
                  and ${criterion.condition} #{criterion.value}
                </when>
                <when test="criterion.betweenValue">
                  and ${criterion.condition} #{criterion.value} and #{criterion.secondValue}
                </when>
                <when test="criterion.listValue">
                  and ${criterion.condition}
                  <foreach close=")" collection="criterion.value" item="listItem" open="(" separator=",">
                    #{listItem}
                  </foreach>
                </when>
              </choose>
            </foreach>
          </trim>
        </if>
      </foreach>
    </where>
  </sql>
  <sql id="Base_Column_List">
    code, item_id, kill_id, user_id, status, create_time
  </sql>
  <select id="selectByExample" parameterType="com.pojo.ItemKillSuccessExample" resultMap="BaseResultMap">
    select
    <if test="distinct">
      distinct
    </if>
    <include refid="Base_Column_List" />
    from item_kill_success
    <if test="_parameter != null">
      <include refid="Example_Where_Clause" />
    </if>
    <if test="orderByClause != null">
      order by ${orderByClause}
    </if>
  </select>
  <select id="selectByPrimaryKey" parameterType="java.lang.String" resultMap="BaseResultMap">
    select 
    <include refid="Base_Column_List" />
    from item_kill_success
    where code = #{code,jdbcType=VARCHAR}
  </select>
  <delete id="deleteByPrimaryKey" parameterType="java.lang.String">
    delete from item_kill_success
    where code = #{code,jdbcType=VARCHAR}
  </delete>
  <delete id="deleteByExample" parameterType="com.pojo.ItemKillSuccessExample">
    delete from item_kill_success
    <if test="_parameter != null">
      <include refid="Example_Where_Clause" />
    </if>
  </delete>
  <insert id="insert" parameterType="com.pojo.ItemKillSuccess">
    insert into item_kill_success (code, item_id, kill_id, 
      user_id, status, create_time
      )
    values (#{code,jdbcType=VARCHAR}, #{itemId,jdbcType=INTEGER}, #{killId,jdbcType=INTEGER}, 
      #{userId,jdbcType=VARCHAR}, #{status,jdbcType=TINYINT}, #{createTime,jdbcType=TIMESTAMP}
      )
  </insert>
  <insert id="insertSelective" parameterType="com.pojo.ItemKillSuccess">
    insert into item_kill_success
    <trim prefix="(" suffix=")" suffixOverrides=",">
      <if test="code != null">
        code,
      </if>
      <if test="itemId != null">
        item_id,
      </if>
      <if test="killId != null">
        kill_id,
      </if>
      <if test="userId != null">
        user_id,
      </if>
      <if test="status != null">
        status,
      </if>
      <if test="createTime != null">
        create_time,
      </if>
    </trim>
    <trim prefix="values (" suffix=")" suffixOverrides=",">
      <if test="code != null">
        #{code,jdbcType=VARCHAR},
      </if>
      <if test="itemId != null">
        #{itemId,jdbcType=INTEGER},
      </if>
      <if test="killId != null">
        #{killId,jdbcType=INTEGER},
      </if>
      <if test="userId != null">
        #{userId,jdbcType=VARCHAR},
      </if>
      <if test="status != null">
        #{status,jdbcType=TINYINT},
      </if>
      <if test="createTime != null">
        #{createTime,jdbcType=TIMESTAMP},
      </if>
    </trim>
  </insert>
  <select id="countByExample" parameterType="com.pojo.ItemKillSuccessExample" resultType="java.lang.Integer">
    select count(*) from item_kill_success
    <if test="_parameter != null">
      <include refid="Example_Where_Clause" />
    </if>
  </select>
  <update id="updateByExampleSelective" parameterType="map">
    update item_kill_success
    <set>
      <if test="record.code != null">
        code = #{record.code,jdbcType=VARCHAR},
      </if>
      <if test="record.itemId != null">
        item_id = #{record.itemId,jdbcType=INTEGER},
      </if>
      <if test="record.killId != null">
        kill_id = #{record.killId,jdbcType=INTEGER},
      </if>
      <if test="record.userId != null">
        user_id = #{record.userId,jdbcType=VARCHAR},
      </if>
      <if test="record.status != null">
        status = #{record.status,jdbcType=TINYINT},
      </if>
      <if test="record.createTime != null">
        create_time = #{record.createTime,jdbcType=TIMESTAMP},
      </if>
    </set>
    <if test="_parameter != null">
      <include refid="Update_By_Example_Where_Clause" />
    </if>
  </update>
  <update id="updateByExample" parameterType="map">
    update item_kill_success
    set code = #{record.code,jdbcType=VARCHAR},
      item_id = #{record.itemId,jdbcType=INTEGER},
      kill_id = #{record.killId,jdbcType=INTEGER},
      user_id = #{record.userId,jdbcType=VARCHAR},
      status = #{record.status,jdbcType=TINYINT},
      create_time = #{record.createTime,jdbcType=TIMESTAMP}
    <if test="_parameter != null">
      <include refid="Update_By_Example_Where_Clause" />
    </if>
  </update>
  <update id="updateByPrimaryKeySelective" parameterType="com.pojo.ItemKillSuccess">
    update item_kill_success
    <set>
      <if test="itemId != null">
        item_id = #{itemId,jdbcType=INTEGER},
      </if>
      <if test="killId != null">
        kill_id = #{killId,jdbcType=INTEGER},
      </if>
      <if test="userId != null">
        user_id = #{userId,jdbcType=VARCHAR},
      </if>
      <if test="status != null">
        status = #{status,jdbcType=TINYINT},
      </if>
      <if test="createTime != null">
        create_time = #{createTime,jdbcType=TIMESTAMP},
      </if>
    </set>
    where code = #{code,jdbcType=VARCHAR}
  </update>
  <update id="updateByPrimaryKey" parameterType="com.pojo.ItemKillSuccess">
    update item_kill_success
    set item_id = #{itemId,jdbcType=INTEGER},
      kill_id = #{killId,jdbcType=INTEGER},
      user_id = #{userId,jdbcType=VARCHAR},
      status = #{status,jdbcType=TINYINT},
      create_time = #{createTime,jdbcType=TIMESTAMP}
    where code = #{code,jdbcType=VARCHAR}
  </update>
  <resultMap id="BaseResultMap" type="com.pojo.ItemKillSuccess">
    <id column="code" jdbcType="VARCHAR" property="code" />
    <result column="item_id" jdbcType="INTEGER" property="itemId" />
    <result column="kill_id" jdbcType="INTEGER" property="killId" />
    <result column="user_id" jdbcType="VARCHAR" property="userId" />
    <result column="status" jdbcType="TINYINT" property="status" />
    <result column="create_time" jdbcType="TIMESTAMP" property="createTime" />
  </resultMap>
  <sql id="Example_Where_Clause">
    <where>
      <foreach collection="oredCriteria" item="criteria" separator="or">
        <if test="criteria.valid">
          <trim prefix="(" prefixOverrides="and" suffix=")">
            <foreach collection="criteria.criteria" item="criterion">
              <choose>
                <when test="criterion.noValue">
                  and ${criterion.condition}
                </when>
                <when test="criterion.singleValue">
                  and ${criterion.condition} #{criterion.value}
                </when>
                <when test="criterion.betweenValue">
                  and ${criterion.condition} #{criterion.value} and #{criterion.secondValue}
                </when>
                <when test="criterion.listValue">
                  and ${criterion.condition}
                  <foreach close=")" collection="criterion.value" item="listItem" open="(" separator=",">
                    #{listItem}
                  </foreach>
                </when>
              </choose>
            </foreach>
          </trim>
        </if>
      </foreach>
    </where>
  </sql>
  <sql id="Update_By_Example_Where_Clause">
    <where>
      <foreach collection="example.oredCriteria" item="criteria" separator="or">
        <if test="criteria.valid">
          <trim prefix="(" prefixOverrides="and" suffix=")">
            <foreach collection="criteria.criteria" item="criterion">
              <choose>
                <when test="criterion.noValue">
                  and ${criterion.condition}
                </when>
                <when test="criterion.singleValue">
                  and ${criterion.condition} #{criterion.value}
                </when>
                <when test="criterion.betweenValue">
                  and ${criterion.condition} #{criterion.value} and #{criterion.secondValue}
                </when>
                <when test="criterion.listValue">
                  and ${criterion.condition}
                  <foreach close=")" collection="criterion.value" item="listItem" open="(" separator=",">
                    #{listItem}
                  </foreach>
                </when>
              </choose>
            </foreach>
          </trim>
        </if>
      </foreach>
    </where>
  </sql>
  <sql id="Base_Column_List">
    code, item_id, kill_id, user_id, status, create_time
  </sql>
  <select id="selectByExample" parameterType="com.pojo.ItemKillSuccessExample" resultMap="BaseResultMap">
    select
    <if test="distinct">
      distinct
    </if>
    <include refid="Base_Column_List" />
    from item_kill_success
    <if test="_parameter != null">
      <include refid="Example_Where_Clause" />
    </if>
    <if test="orderByClause != null">
      order by ${orderByClause}
    </if>
  </select>
  <select id="selectByPrimaryKey" parameterType="java.lang.String" resultMap="BaseResultMap">
    select 
    <include refid="Base_Column_List" />
    from item_kill_success
    where code = #{code,jdbcType=VARCHAR}
  </select>
  <delete id="deleteByPrimaryKey" parameterType="java.lang.String">
    delete from item_kill_success
    where code = #{code,jdbcType=VARCHAR}
  </delete>
  <delete id="deleteByExample" parameterType="com.pojo.ItemKillSuccessExample">
    delete from item_kill_success
    <if test="_parameter != null">
      <include refid="Example_Where_Clause" />
    </if>
  </delete>
  <insert id="insert" parameterType="com.pojo.ItemKillSuccess">
    insert into item_kill_success (code, item_id, kill_id, 
      user_id, status, create_time
      )
    values (#{code,jdbcType=VARCHAR}, #{itemId,jdbcType=INTEGER}, #{killId,jdbcType=INTEGER}, 
      #{userId,jdbcType=VARCHAR}, #{status,jdbcType=TINYINT}, #{createTime,jdbcType=TIMESTAMP}
      )
  </insert>
  <insert id="insertSelective" parameterType="com.pojo.ItemKillSuccess">
    insert into item_kill_success
    <trim prefix="(" suffix=")" suffixOverrides=",">
      <if test="code != null">
        code,
      </if>
      <if test="itemId != null">
        item_id,
      </if>
      <if test="killId != null">
        kill_id,
      </if>
      <if test="userId != null">
        user_id,
      </if>
      <if test="status != null">
        status,
      </if>
      <if test="createTime != null">
        create_time,
      </if>
    </trim>
    <trim prefix="values (" suffix=")" suffixOverrides=",">
      <if test="code != null">
        #{code,jdbcType=VARCHAR},
      </if>
      <if test="itemId != null">
        #{itemId,jdbcType=INTEGER},
      </if>
      <if test="killId != null">
        #{killId,jdbcType=INTEGER},
      </if>
      <if test="userId != null">
        #{userId,jdbcType=VARCHAR},
      </if>
      <if test="status != null">
        #{status,jdbcType=TINYINT},
      </if>
      <if test="createTime != null">
        #{createTime,jdbcType=TIMESTAMP},
      </if>
    </trim>
  </insert>
  <select id="countByExample" parameterType="com.pojo.ItemKillSuccessExample" resultType="java.lang.Integer">
    select count(*) from item_kill_success
    <if test="_parameter != null">
      <include refid="Example_Where_Clause" />
    </if>
  </select>
  <update id="updateByExampleSelective" parameterType="map">
    update item_kill_success
    <set>
      <if test="record.code != null">
        code = #{record.code,jdbcType=VARCHAR},
      </if>
      <if test="record.itemId != null">
        item_id = #{record.itemId,jdbcType=INTEGER},
      </if>
      <if test="record.killId != null">
        kill_id = #{record.killId,jdbcType=INTEGER},
      </if>
      <if test="record.userId != null">
        user_id = #{record.userId,jdbcType=VARCHAR},
      </if>
      <if test="record.status != null">
        status = #{record.status,jdbcType=TINYINT},
      </if>
      <if test="record.createTime != null">
        create_time = #{record.createTime,jdbcType=TIMESTAMP},
      </if>
    </set>
    <if test="_parameter != null">
      <include refid="Update_By_Example_Where_Clause" />
    </if>
  </update>
  <update id="updateByExample" parameterType="map">
    update item_kill_success
    set code = #{record.code,jdbcType=VARCHAR},
      item_id = #{record.itemId,jdbcType=INTEGER},
      kill_id = #{record.killId,jdbcType=INTEGER},
      user_id = #{record.userId,jdbcType=VARCHAR},
      status = #{record.status,jdbcType=TINYINT},
      create_time = #{record.createTime,jdbcType=TIMESTAMP}
    <if test="_parameter != null">
      <include refid="Update_By_Example_Where_Clause" />
    </if>
  </update>
  <update id="updateByPrimaryKeySelective" parameterType="com.pojo.ItemKillSuccess">
    update item_kill_success
    <set>
      <if test="itemId != null">
        item_id = #{itemId,jdbcType=INTEGER},
      </if>
      <if test="killId != null">
        kill_id = #{killId,jdbcType=INTEGER},
      </if>
      <if test="userId != null">
        user_id = #{userId,jdbcType=VARCHAR},
      </if>
      <if test="status != null">
        status = #{status,jdbcType=TINYINT},
      </if>
      <if test="createTime != null">
        create_time = #{createTime,jdbcType=TIMESTAMP},
      </if>
    </set>
    where code = #{code,jdbcType=VARCHAR}
  </update>
  <update id="updateByPrimaryKey" parameterType="com.pojo.ItemKillSuccess">
    update item_kill_success
    set item_id = #{itemId,jdbcType=INTEGER},
      kill_id = #{killId,jdbcType=INTEGER},
      user_id = #{userId,jdbcType=VARCHAR},
      status = #{status,jdbcType=TINYINT},
      create_time = #{createTime,jdbcType=TIMESTAMP}
    where code = #{code,jdbcType=VARCHAR}
  </update>
  <resultMap id="BaseResultMap" type="com.pojo.ItemKillSuccess">
    <id column="code" jdbcType="VARCHAR" property="code" />
    <result column="item_id" jdbcType="INTEGER" property="itemId" />
    <result column="kill_id" jdbcType="INTEGER" property="killId" />
    <result column="user_id" jdbcType="VARCHAR" property="userId" />
    <result column="status" jdbcType="TINYINT" property="status" />
    <result column="create_time" jdbcType="TIMESTAMP" property="createTime" />
  </resultMap>
  <sql id="Example_Where_Clause">
    <where>
      <foreach collection="oredCriteria" item="criteria" separator="or">
        <if test="criteria.valid">
          <trim prefix="(" prefixOverrides="and" suffix=")">
            <foreach collection="criteria.criteria" item="criterion">
              <choose>
                <when test="criterion.noValue">
                  and ${criterion.condition}
                </when>
                <when test="criterion.singleValue">
                  and ${criterion.condition} #{criterion.value}
                </when>
                <when test="criterion.betweenValue">
                  and ${criterion.condition} #{criterion.value} and #{criterion.secondValue}
                </when>
                <when test="criterion.listValue">
                  and ${criterion.condition}
                  <foreach close=")" collection="criterion.value" item="listItem" open="(" separator=",">
                    #{listItem}
                  </foreach>
                </when>
              </choose>
            </foreach>
          </trim>
        </if>
      </foreach>
    </where>
  </sql>
  <sql id="Update_By_Example_Where_Clause">
    <where>
      <foreach collection="example.oredCriteria" item="criteria" separator="or">
        <if test="criteria.valid">
          <trim prefix="(" prefixOverrides="and" suffix=")">
            <foreach collection="criteria.criteria" item="criterion">
              <choose>
                <when test="criterion.noValue">
                  and ${criterion.condition}
                </when>
                <when test="criterion.singleValue">
                  and ${criterion.condition} #{criterion.value}
                </when>
                <when test="criterion.betweenValue">
                  and ${criterion.condition} #{criterion.value} and #{criterion.secondValue}
                </when>
                <when test="criterion.listValue">
                  and ${criterion.condition}
                  <foreach close=")" collection="criterion.value" item="listItem" open="(" separator=",">
                    #{listItem}
                  </foreach>
                </when>
              </choose>
            </foreach>
          </trim>
        </if>
      </foreach>
    </where>
  </sql>
  <sql id="Base_Column_List">
    code, item_id, kill_id, user_id, status, create_time
  </sql>
  <select id="selectByExample" parameterType="com.pojo.ItemKillSuccessExample" resultMap="BaseResultMap">
    select
    <if test="distinct">
      distinct
    </if>
    <include refid="Base_Column_List" />
    from item_kill_success
    <if test="_parameter != null">
      <include refid="Example_Where_Clause" />
    </if>
    <if test="orderByClause != null">
      order by ${orderByClause}
    </if>
  </select>
  <select id="selectByPrimaryKey" parameterType="java.lang.String" resultMap="BaseResultMap">
    select 
    <include refid="Base_Column_List" />
    from item_kill_success
    where code = #{code,jdbcType=VARCHAR}
  </select>
  <delete id="deleteByPrimaryKey" parameterType="java.lang.String">
    delete from item_kill_success
    where code = #{code,jdbcType=VARCHAR}
  </delete>
  <delete id="deleteByExample" parameterType="com.pojo.ItemKillSuccessExample">
    delete from item_kill_success
    <if test="_parameter != null">
      <include refid="Example_Where_Clause" />
    </if>
  </delete>
  <insert id="insert" parameterType="com.pojo.ItemKillSuccess">
    insert into item_kill_success (code, item_id, kill_id, 
      user_id, status, create_time
      )
    values (#{code,jdbcType=VARCHAR}, #{itemId,jdbcType=INTEGER}, #{killId,jdbcType=INTEGER}, 
      #{userId,jdbcType=VARCHAR}, #{status,jdbcType=TINYINT}, #{createTime,jdbcType=TIMESTAMP}
      )
  </insert>
  <insert id="insertSelective" parameterType="com.pojo.ItemKillSuccess">
    insert into item_kill_success
    <trim prefix="(" suffix=")" suffixOverrides=",">
      <if test="code != null">
        code,
      </if>
      <if test="itemId != null">
        item_id,
      </if>
      <if test="killId != null">
        kill_id,
      </if>
      <if test="userId != null">
        user_id,
      </if>
      <if test="status != null">
        status,
      </if>
      <if test="createTime != null">
        create_time,
      </if>
    </trim>
    <trim prefix="values (" suffix=")" suffixOverrides=",">
      <if test="code != null">
        #{code,jdbcType=VARCHAR},
      </if>
      <if test="itemId != null">
        #{itemId,jdbcType=INTEGER},
      </if>
      <if test="killId != null">
        #{killId,jdbcType=INTEGER},
      </if>
      <if test="userId != null">
        #{userId,jdbcType=VARCHAR},
      </if>
      <if test="status != null">
        #{status,jdbcType=TINYINT},
      </if>
      <if test="createTime != null">
        #{createTime,jdbcType=TIMESTAMP},
      </if>
    </trim>
  </insert>
  <select id="countByExample" parameterType="com.pojo.ItemKillSuccessExample" resultType="java.lang.Integer">
    select count(*) from item_kill_success
    <if test="_parameter != null">
      <include refid="Example_Where_Clause" />
    </if>
  </select>
  <update id="updateByExampleSelective" parameterType="map">
    update item_kill_success
    <set>
      <if test="record.code != null">
        code = #{record.code,jdbcType=VARCHAR},
      </if>
      <if test="record.itemId != null">
        item_id = #{record.itemId,jdbcType=INTEGER},
      </if>
      <if test="record.killId != null">
        kill_id = #{record.killId,jdbcType=INTEGER},
      </if>
      <if test="record.userId != null">
        user_id = #{record.userId,jdbcType=VARCHAR},
      </if>
      <if test="record.status != null">
        status = #{record.status,jdbcType=TINYINT},
      </if>
      <if test="record.createTime != null">
        create_time = #{record.createTime,jdbcType=TIMESTAMP},
      </if>
    </set>
    <if test="_parameter != null">
      <include refid="Update_By_Example_Where_Clause" />
    </if>
  </update>
  <update id="updateByExample" parameterType="map">
    update item_kill_success
    set code = #{record.code,jdbcType=VARCHAR},
      item_id = #{record.itemId,jdbcType=INTEGER},
      kill_id = #{record.killId,jdbcType=INTEGER},
      user_id = #{record.userId,jdbcType=VARCHAR},
      status = #{record.status,jdbcType=TINYINT},
      create_time = #{record.createTime,jdbcType=TIMESTAMP}
    <if test="_parameter != null">
      <include refid="Update_By_Example_Where_Clause" />
    </if>
  </update>
  <update id="updateByPrimaryKeySelective" parameterType="com.pojo.ItemKillSuccess">
    update item_kill_success
    <set>
      <if test="itemId != null">
        item_id = #{itemId,jdbcType=INTEGER},
      </if>
      <if test="killId != null">
        kill_id = #{killId,jdbcType=INTEGER},
      </if>
      <if test="userId != null">
        user_id = #{userId,jdbcType=VARCHAR},
      </if>
      <if test="status != null">
        status = #{status,jdbcType=TINYINT},
      </if>
      <if test="createTime != null">
        create_time = #{createTime,jdbcType=TIMESTAMP},
      </if>
    </set>
    where code = #{code,jdbcType=VARCHAR}
  </update>
  <update id="updateByPrimaryKey" parameterType="com.pojo.ItemKillSuccess">
    update item_kill_success
    set item_id = #{itemId,jdbcType=INTEGER},
      kill_id = #{killId,jdbcType=INTEGER},
      user_id = #{userId,jdbcType=VARCHAR},
      status = #{status,jdbcType=TINYINT},
      create_time = #{createTime,jdbcType=TIMESTAMP}
    where code = #{code,jdbcType=VARCHAR}
  </update>
  <resultMap id="BaseResultMap" type="com.pojo.ItemKillSuccess">
    <id column="code" jdbcType="VARCHAR" property="code" />
    <result column="item_id" jdbcType="INTEGER" property="itemId" />
    <result column="kill_id" jdbcType="INTEGER" property="killId" />
    <result column="user_id" jdbcType="VARCHAR" property="userId" />
    <result column="status" jdbcType="TINYINT" property="status" />
    <result column="create_time" jdbcType="TIMESTAMP" property="createTime" />
  </resultMap>
  <sql id="Example_Where_Clause">
    <where>
      <foreach collection="oredCriteria" item="criteria" separator="or">
        <if test="criteria.valid">
          <trim prefix="(" prefixOverrides="and" suffix=")">
            <foreach collection="criteria.criteria" item="criterion">
              <choose>
                <when test="criterion.noValue">
                  and ${criterion.condition}
                </when>
                <when test="criterion.singleValue">
                  and ${criterion.condition} #{criterion.value}
                </when>
                <when test="criterion.betweenValue">
                  and ${criterion.condition} #{criterion.value} and #{criterion.secondValue}
                </when>
                <when test="criterion.listValue">
                  and ${criterion.condition}
                  <foreach close=")" collection="criterion.value" item="listItem" open="(" separator=",">
                    #{listItem}
                  </foreach>
                </when>
              </choose>
            </foreach>
          </trim>
        </if>
      </foreach>
    </where>
  </sql>
  <sql id="Update_By_Example_Where_Clause">
    <where>
      <foreach collection="example.oredCriteria" item="criteria" separator="or">
        <if test="criteria.valid">
          <trim prefix="(" prefixOverrides="and" suffix=")">
            <foreach collection="criteria.criteria" item="criterion">
              <choose>
                <when test="criterion.noValue">
                  and ${criterion.condition}
                </when>
                <when test="criterion.singleValue">
                  and ${criterion.condition} #{criterion.value}
                </when>
                <when test="criterion.betweenValue">
                  and ${criterion.condition} #{criterion.value} and #{criterion.secondValue}
                </when>
                <when test="criterion.listValue">
                  and ${criterion.condition}
                  <foreach close=")" collection="criterion.value" item="listItem" open="(" separator=",">
                    #{listItem}
                  </foreach>
                </when>
              </choose>
            </foreach>
          </trim>
        </if>
      </foreach>
    </where>
  </sql>
  <sql id="Base_Column_List">
    code, item_id, kill_id, user_id, status, create_time
  </sql>
  <select id="selectByExample" parameterType="com.pojo.ItemKillSuccessExample" resultMap="BaseResultMap">
    select
    <if test="distinct">
      distinct
    </if>
    <include refid="Base_Column_List" />
    from item_kill_success
    <if test="_parameter != null">
      <include refid="Example_Where_Clause" />
    </if>
    <if test="orderByClause != null">
      order by ${orderByClause}
    </if>
  </select>
  <select id="selectByPrimaryKey" parameterType="java.lang.String" resultMap="BaseResultMap">
    select 
    <include refid="Base_Column_List" />
    from item_kill_success
    where code = #{code,jdbcType=VARCHAR}
  </select>
  <delete id="deleteByPrimaryKey" parameterType="java.lang.String">
    delete from item_kill_success
    where code = #{code,jdbcType=VARCHAR}
  </delete>
  <delete id="deleteByExample" parameterType="com.pojo.ItemKillSuccessExample">
    delete from item_kill_success
    <if test="_parameter != null">
      <include refid="Example_Where_Clause" />
    </if>
  </delete>
  <insert id="insert" parameterType="com.pojo.ItemKillSuccess">
    insert into item_kill_success (code, item_id, kill_id, 
      user_id, status, create_time
      )
    values (#{code,jdbcType=VARCHAR}, #{itemId,jdbcType=INTEGER}, #{killId,jdbcType=INTEGER}, 
      #{userId,jdbcType=VARCHAR}, #{status,jdbcType=TINYINT}, #{createTime,jdbcType=TIMESTAMP}
      )
  </insert>
  <insert id="insertSelective" parameterType="com.pojo.ItemKillSuccess">
    insert into item_kill_success
    <trim prefix="(" suffix=")" suffixOverrides=",">
      <if test="code != null">
        code,
      </if>
      <if test="itemId != null">
        item_id,
      </if>
      <if test="killId != null">
        kill_id,
      </if>
      <if test="userId != null">
        user_id,
      </if>
      <if test="status != null">
        status,
      </if>
      <if test="createTime != null">
        create_time,
      </if>
    </trim>
    <trim prefix="values (" suffix=")" suffixOverrides=",">
      <if test="code != null">
        #{code,jdbcType=VARCHAR},
      </if>
      <if test="itemId != null">
        #{itemId,jdbcType=INTEGER},
      </if>
      <if test="killId != null">
        #{killId,jdbcType=INTEGER},
      </if>
      <if test="userId != null">
        #{userId,jdbcType=VARCHAR},
      </if>
      <if test="status != null">
        #{status,jdbcType=TINYINT},
      </if>
      <if test="createTime != null">
        #{createTime,jdbcType=TIMESTAMP},
      </if>
    </trim>
  </insert>
  <select id="countByExample" parameterType="com.pojo.ItemKillSuccessExample" resultType="java.lang.Integer">
    select count(*) from item_kill_success
    <if test="_parameter != null">
      <include refid="Example_Where_Clause" />
    </if>
  </select>
  <update id="updateByExampleSelective" parameterType="map">
    update item_kill_success
    <set>
      <if test="record.code != null">
        code = #{record.code,jdbcType=VARCHAR},
      </if>
      <if test="record.itemId != null">
        item_id = #{record.itemId,jdbcType=INTEGER},
      </if>
      <if test="record.killId != null">
        kill_id = #{record.killId,jdbcType=INTEGER},
      </if>
      <if test="record.userId != null">
        user_id = #{record.userId,jdbcType=VARCHAR},
      </if>
      <if test="record.status != null">
        status = #{record.status,jdbcType=TINYINT},
      </if>
      <if test="record.createTime != null">
        create_time = #{record.createTime,jdbcType=TIMESTAMP},
      </if>
    </set>
    <if test="_parameter != null">
      <include refid="Update_By_Example_Where_Clause" />
    </if>
  </update>
  <update id="updateByExample" parameterType="map">
    update item_kill_success
    set code = #{record.code,jdbcType=VARCHAR},
      item_id = #{record.itemId,jdbcType=INTEGER},
      kill_id = #{record.killId,jdbcType=INTEGER},
      user_id = #{record.userId,jdbcType=VARCHAR},
      status = #{record.status,jdbcType=TINYINT},
      create_time = #{record.createTime,jdbcType=TIMESTAMP}
    <if test="_parameter != null">
      <include refid="Update_By_Example_Where_Clause" />
    </if>
  </update>
  <update id="updateByPrimaryKeySelective" parameterType="com.pojo.ItemKillSuccess">
    update item_kill_success
    <set>
      <if test="itemId != null">
        item_id = #{itemId,jdbcType=INTEGER},
      </if>
      <if test="killId != null">
        kill_id = #{killId,jdbcType=INTEGER},
      </if>
      <if test="userId != null">
        user_id = #{userId,jdbcType=VARCHAR},
      </if>
      <if test="status != null">
        status = #{status,jdbcType=TINYINT},
      </if>
      <if test="createTime != null">
        create_time = #{createTime,jdbcType=TIMESTAMP},
      </if>
    </set>
    where code = #{code,jdbcType=VARCHAR}
  </update>
  <update id="updateByPrimaryKey" parameterType="com.pojo.ItemKillSuccess">
    update item_kill_success
    set item_id = #{itemId,jdbcType=INTEGER},
      kill_id = #{killId,jdbcType=INTEGER},
      user_id = #{userId,jdbcType=VARCHAR},
      status = #{status,jdbcType=TINYINT},
      create_time = #{createTime,jdbcType=TIMESTAMP}
    where code = #{code,jdbcType=VARCHAR}
  </update>
</mapper>